centre,video_id,url,title,channel,published,duration_s,views,test_class,transcript,n_streets,n_turns,streets_found,traceable,flags
walkley,VQargyRfxpE,https://youtube.com/watch?v=VQargyRfxpE,Ottawa Walkley G Test Route #2,Orya Driving Academy,2025-08-13,2109,24079,G,auto,6,51,airport parkway; conroy; don reid; hunt club; saint laurent; walkley,,
walkley,9mhzt72BrZs,https://youtube.com/watch?v=9mhzt72BrZs,"G Drivers License Road Test - Route Walkley Road (Ottawa, Ontario) - dashcam walkthrough",Bruno Monteiro,2019-06-24,1548,56626,unknown,auto,4,24,airport parkway; hunt club; lester; walkley,,CLASS?
walkley,uSz7huIMNDg,https://youtube.com/watch?v=uSz7huIMNDg,Ottawa Walkley G Test Route #1 ,Orya Driving Academy,2025-08-12,1849,34064,G,auto,3,17,airport parkway; hunt club; walkley,,
walkley,sARBET47jDE,https://youtube.com/watch?v=sARBET47jDE,"Ottawa Walkley G Road Test| PASSED | NOVEMBER 21, 2022 | FULL Dash Cam Video",Palito Vlog,2022-11-22,1140,68030,G,auto,3,15,airport parkway; lester; walkley,,
walkley,1BeFs4nBHCk,https://youtube.com/watch?v=1BeFs4nBHCk,"Ottawa Walkley G Drive Test! Passed, April 2022 - Dashcam Video",KRISAMIGO'S VLOG,2022-04-09,1248,38512,unknown,none,2,14,airport parkway; walkley,,CLASS?
walkley,C8d93QNzIVU,https://youtube.com/watch?v=C8d93QNzIVU,Ottawa G Driving Test Tips: Complete Walkley Route 1 Guide Demo For First-Time Pass | City Explorer,City Explorer,2021-02-24,1432,27334,ambiguous,none,2,9,hunt club; walkley,,CLASS?
walkley,Uun0IrxENng,https://youtube.com/watch?v=Uun0IrxENng,October 2023 Ottawa Walkley G Road Test + Guide + Examiner | PASSED | FULL Dash Cam Video | Canada,Immersive Tour - iCherry,2023-10-24,1202,69656,G,none,2,6,hunt club; walkley,,
walkley,cj7t37L0F5I,https://youtube.com/watch?v=cj7t37L0F5I,Walkley Ottawa| G Road Test | Airport Route | Passed | 2024| Newest | Test de conduite G,stephen huang,2024-04-27,1160,32743,G,none,2,4,lester; walkley,,
walkley,zjYqbRtMEis,https://youtube.com/watch?v=zjYqbRtMEis,Walkley drive test tips for passing G test,Kawkab Hammam,2021-11-04,263,374,G,auto,2,3,airport parkway; walkley,,
walkley,eO9dHGG9YO4,https://youtube.com/watch?v=eO9dHGG9YO4,G2 Road Test 2026 ❄️ Hit Snow on a 3-Point Turn… Still Passed!,Canadian Drivers ,2026-01-13,1802,105659,ambiguous,auto,1,29,walkley,,CLASS?
walkley,FuJ8J-7bKdU,https://youtube.com/watch?v=FuJ8J-7bKdU,Ottawa Walkley G2 Test Route #1,Orya Driving Academy,2025-08-11,1096,26876,G2,auto,1,27,walkley,,
walkley,i14pQgGMGLE,https://youtube.com/watch?v=i14pQgGMGLE,How to Master Parallel Parking for Your Ontario G2 Drive Test | Essential Tips|,GrayJays Driving,2024-06-05,131,212910,ambiguous,auto,1,24,walkley,,SHORT CLASS?
walkley,ykHlbcmE_Yo,https://youtube.com/watch?v=ykHlbcmE_Yo,Ontario M Road Test: I Passed in Ottawa + Actual Score Sheet,MK - Tech,2026-06-29,1916,5870,unknown,auto,1,13,walkley,,CLASS?
walkley,LPJ4YueX1JY,https://youtube.com/watch?v=LPJ4YueX1JY,Ottawa Canotek G2 Driving Test Tips: Complete Route 1 Guide Demo For First-Time Pass | City Explorer,City Explorer,2021-04-21,1267,46643,ambiguous,none,1,8,walkley,,CLASS?
walkley,AbnVFoJ_HZc,https://youtube.com/watch?v=AbnVFoJ_HZc,Ottawa Canotek G Driving Test Tips: Complete Route 1 Guide Demo For First-Time Pass | City Explorer,City Explorer,2021-05-12,1460,50952,ambiguous,none,1,7,walkley,,CLASS?
walkley,hnZPGogyywY,https://youtube.com/watch?v=hnZPGogyywY,"G2  (G1 exit) road test Ontario, Ottawa Walkley",Alex P,2020-08-30,720,91633,G2,none,1,6,walkley,,
walkley,jJCRSqiE6ms,https://youtube.com/watch?v=jJCRSqiE6ms,G2 Road Test Ottawa Walkley. Parking section(all you need to know)【Floor plan is in description】,Immersive Tour - iCherry,2021-10-19,140,27469,ambiguous,none,1,5,walkley,,SHORT CLASS?
walkley,qo7Rh8FwZhg,https://youtube.com/watch?v=qo7Rh8FwZhg,Ottawa G2 Driving Test Tips: Complete Walkley Route 2 Guide Demo For First-Time Pass | City Explorer,City Explorer,2021-03-21,625,40586,ambiguous,none,1,4,walkley,,CLASS?
walkley,LaVraVXiomA,https://youtube.com/watch?v=LaVraVXiomA,Ottawa Walkley G Road Test: PASSED!!    1 of 2,Nanci,2021-02-07,707,42294,G,none,1,4,walkley,,
walkley,sHE72JmAGOA,https://youtube.com/watch?v=sHE72JmAGOA,Ottawa G2 Driving Test Tips: Complete Walkley Route 1 Guide Demo For First-Time Pass | City Explorer,City Explorer,2021-03-03,696,95060,ambiguous,none,1,3,walkley,,CLASS?
walkley,zPLIZo0rNqo,https://youtube.com/watch?v=zPLIZo0rNqo,Ottawa Canotek G Driving Test Tips: Complete Route 2 Guide Demo For First-Time Pass | City Explorer,City Explorer,2021-07-21,1116,20314,ambiguous,none,1,3,walkley,,CLASS?
walkley,dT9Pm7wSZqI,https://youtube.com/watch?v=dT9Pm7wSZqI,Ottawa Walkley G2 Driving Test Tips: Complete Route 2 Guide  - Dashcam (No Sound) | City Explorer,City Explorer,2024-06-14,602,7206,ambiguous,none,1,2,walkley,,CLASS?
walkley,bVM4POE00a4,https://youtube.com/watch?v=bVM4POE00a4,Ottawa Walkley G2 Driving Test Tips: Complete Route 3 Guide  - Dashcam (No Sound) | City Explorer,City Explorer,2024-06-16,738,7719,ambiguous,none,1,2,walkley,,CLASS?
walkley,NnSzUmOeUMo,https://youtube.com/watch?v=NnSzUmOeUMo,Ottawa Walkley G2 Driving Test Tips: Complete Route 1 Guide  - Dashcam (No Sound) | City Explorer,City Explorer,2024-06-12,664,1849,ambiguous,none,1,2,walkley,,CLASS?
walkley,MKTsaqTxhQk,https://youtube.com/watch?v=MKTsaqTxhQk,Ottawa G2 Driving Test Tips: Complete Walkley Route 3 Guide Demo For First-Time Pass | City Explorer,City Explorer,2021-03-30,760,25579,ambiguous,none,1,2,walkley,,CLASS?
walkley,qsnhk84B8RQ,https://youtube.com/watch?v=qsnhk84B8RQ,Ottawa Walkley G Driving Test Tips: Complete Route 2 Guide  - Dashcam (No Sound) | City Explorer,City Explorer,2024-06-06,1269,5175,G,none,1,1,walkley,,
walkley,jU_BJyq6GJM,https://youtube.com/watch?v=jU_BJyq6GJM,Road test - F driver´s license – Ottawa Walkley,ParaDoc,2024-08-29,836,2676,unknown,auto,1,1,walkley,,CLASS?
walkley,GJPTwRe5c9w,https://youtube.com/watch?v=GJPTwRe5c9w,Ottawa G Driving Test Tips: Complete Walkley Route 2 Guide Demo For First-Time Pass | City Explorer,City Explorer,2021-03-14,1304,21970,ambiguous,none,1,1,walkley,,CLASS?
walkley,gJQgNHD3U6U,https://youtube.com/watch?v=gJQgNHD3U6U,Ottawa Walkley G Driving Test Tips: Complete Route 1 Guide  - Dashcam (No Sound) | City Explorer,City Explorer,2024-06-04,1442,4846,G,none,1,1,walkley,,
walkley,1bW90IzGAv4,https://youtube.com/watch?v=1bW90IzGAv4,I passed my Canadian G Driving test!!! Ottawa Walkley Drive Test center,The Symsons,2022-04-09,979,5079,G,none,1,1,walkley,,
walkley,WGRZvu4-Wl8,https://youtube.com/watch?v=WGRZvu4-Wl8,Walkley (Ottawa) Drive test track (road)- Ontario Canada 2021,Live in Ottawa,2021-10-15,1211,3211,G,none,1,1,walkley,,
walkley,eIyLEPqtM_w,https://youtube.com/watch?v=eIyLEPqtM_w,4K | 2025 | Ottawa Walkley G Test Demo,Franco Fang,2025-04-10,1104,1817,G,none,1,1,walkley,,
walkley,DcQRo8ujfdc,https://youtube.com/watch?v=DcQRo8ujfdc,Ottawa Walkley G Road Test: PASSED!!    2 of 2,Nanci,2021-02-07,840,23671,G,none,1,1,walkley,,
walkley,rItaUNNCOko,https://youtube.com/watch?v=rItaUNNCOko,Canotek G2 Driving Test Tips: Complete Route 1 Guide  - Dashcam (No Sound) | City Explorer,City Explorer,2024-06-22,1269,8853,ambiguous,none,1,1,walkley,,CLASS?
walkley,HG0fORuKdVs,https://youtube.com/watch?v=HG0fORuKdVs,Canotek G Driving Test Tips: Complete Route 2 Guide  - Dashcam (No Sound) | City Explorer,City Explorer,2024-06-10,1118,4213,ambiguous,none,1,1,walkley,,CLASS?
walkley,y4Cqqxcnh7c,https://youtube.com/watch?v=y4Cqqxcnh7c,"Ottawa Walkley - G drive test route - Passed test, May 2026. +Tips #Ottawa #walkleydrivetestcentre ",Gotshi,2026-06-15,1197,1125,unknown,none,1,0,walkley,,CLASS?
walkley,TWwTJuabJdE,https://youtube.com/watch?v=TWwTJuabJdE,OTTAWA WALKLEY FULL G DRIVE TEST PASSED!! (preciousfamily),Preciousfamily,2023-10-21,1087,9207,G,auto,1,0,walkley,,
walkley,Z062s3Un5J8,https://youtube.com/watch?v=Z062s3Un5J8,Ottawa Walkley G Drive Test route1 Demo: Why I failed 3 times,丁丁,2026-05-31,2033,574,unknown,none,1,0,walkley,,CLASS?
walkley,vNzR2IcsqSc,https://youtube.com/watch?v=vNzR2IcsqSc,Ottawa Walkley G Drive test route2 Demo: Why I failed 3 times,丁丁,2026-05-31,1403,250,unknown,none,1,0,walkley,,CLASS?
walkley,gLgP6-WCcjQ,https://youtube.com/watch?v=gLgP6-WCcjQ,"Ottawa drive test G Walkley, Road test pratique G Walkley Ottawa",Y B R 🇭🇹 ,2025-03-13,839,1161,unknown,none,1,0,walkley,,CLASS?
walkley,h9-2wZRZzrw,https://youtube.com/watch?v=h9-2wZRZzrw,🇨🇦Ottawa Walkley G Drive Test. Route Google Map. AirportPkway 1. Dashcam.渥太华沃克利路考.,小学鸡穷搬加🍁Lully,2024-07-28,1504,4238,G,none,1,0,walkley,,
walkley,iSiIHGmr7Ps,https://youtube.com/watch?v=iSiIHGmr7Ps,Ottawa Walkley G Drive Test. Route Google Map. AirportPkway 2. Dashcam.渥太华沃克利路考,小学鸡穷搬加🍁Lully,2024-08-06,1336,1731,G,none,1,0,walkley,,
walkley,3UQmHRYNNGQ,https://youtube.com/watch?v=3UQmHRYNNGQ,Walkley driving test center is Empty after 6Pm😱#walkleydriving#walkley#ottawadriving#drivingtest,Immersive Tour - iCherry,2023-10-02,10,6824,G,none,1,0,walkley,,SHORT
walkley,DLlLFBNJLhw,https://youtube.com/watch?v=DLlLFBNJLhw,🇨🇦Ottawa Walkley G Drive Mock  Test. Route Google Map. Hawthorne Rd. Right turn. 1. Dashcam.渥太华沃克利路考,小学鸡穷搬加🍁Lully,2024-07-29,1372,2679,G,none,1,0,walkley,,
walkley,7fjROr3OYDo,https://youtube.com/watch?v=7fjROr3OYDo,加拿大驾照路考模拟 Walkley G Road Test 全网唯一天津话解说版 （路线1）,张嘴就来,2024-04-23,1077,2610,G,none,1,0,walkley,,
walkley,LGe032SfBPE,https://youtube.com/watch?v=LGe032SfBPE,Ottawa walkley driving test. G2checklist.,Anne Bihamba,2024-03-14,694,110,G,none,1,0,walkley,,
walkley,UXu_E-NvxLI,https://youtube.com/watch?v=UXu_E-NvxLI,Walkley Drive Test Centre - One and Done!  North American Students nail drive test first shot!,North American Transport Driving Academy,2024-03-20,32,387,unknown,none,1,0,walkley,,SHORT CLASS?
walkley,F9HaQbXsGsk,https://youtube.com/watch?v=F9HaQbXsGsk,Ottawa Walkley DriveTest Routes路考路线图,陆教练🚘YesYouDS🏂,2024-07-20,26,226,unknown,none,1,0,walkley,,SHORT CLASS?
walkley,fEzRtdSFMjQ,https://youtube.com/watch?v=fEzRtdSFMjQ,Ottawa DriveTest Center (1570 Walkley Rd) is very busy in summer. Book test online! Link in Desc.,Immersive Tour - iCherry,2024-07-24,72,118,unknown,none,1,0,walkley,,SHORT CLASS?
walkley,WYbuJJY1vVg,https://youtube.com/watch?v=WYbuJJY1vVg,Drive test ✍️ Knowledge test or G2 and G#canadavlog #ottawavlog #driving #driver #drivingfails #vlog,Manish Canadian🇨🇦 ,2024-12-11,15,177,G,none,1,0,walkley,,SHORT
walkley,-s_JxxfFk5k,https://youtube.com/watch?v=-s_JxxfFk5k,加拿大驾照路考模拟 Walkley G Road Test 2全网唯一天津话解说版 （路线2）,张嘴就来,2024-04-25,1365,2023,G,none,1,0,walkley,,
walkley,60Vc64FWQq8,https://youtube.com/watch?v=60Vc64FWQq8,🚗 G1 Test Passed in First Attempt | Test and SIN Experience | Direct Eligible for G licence,Shrey Patel,2022-09-17,661,925,G,none,1,0,walkley,,
walkley,x5WKu4_IWb8,https://youtube.com/watch?v=x5WKu4_IWb8,أهم خطواتك الأولى في كندا… لا تفعل شيئًا قبلها!,Canada Trends كندا ترندز ,2025-05-16,598,704,unknown,none,1,0,walkley,,CLASS?
walkley,lKKn4VSwIaM,https://youtube.com/watch?v=lKKn4VSwIaM,Parallel Parking #parallelparking #drivingtips #howtoparallelpark #parallelparkingtips #drivingtest,Sky Driving School Ltd.,2024-02-02,60,2183489,G,auto,0,24,,,SHORT
walkley,kryW5O0Ck50,https://youtube.com/watch?v=kryW5O0Ck50,Parallel Parking Lesson | parallel parking tutorial: 4 steps,Key2DLHINDI,2024-03-16,60,1971977,G,auto,0,23,,,SHORT
walkley,jvgVu_Qd5s4,https://youtube.com/watch?v=jvgVu_Qd5s4,G2 Mock Driving Test – 3 Point Turn &amp; Parallel Parking Tips to PASS,Canadian Drivers ,2023-01-04,1334,66514,G,auto,0,17,,,
walkley,g2D1SyM-BWY,https://youtube.com/watch?v=g2D1SyM-BWY,Emergency Stop Made Easy | Ontario G &amp; G2 Road Test Tips | Pass Your Driving Test First Time,Orya Driving Academy,2025-08-27,366,15295,ambiguous,auto,0,15,,,CLASS?
walkley,bFBt7BWbm14,https://youtube.com/watch?v=bFBt7BWbm14,Top 10 Reasons for an Automatic Fail on a Driving Test,Smart Drive Test,2021-05-19,440,3867020,G,manual,0,13,,,
walkley,WzeCgoFSrE0,https://youtube.com/watch?v=WzeCgoFSrE0,G test for Ottawa Smiths falls,耕耘者,2022-08-04,222,14819,G,none,0,11,,,
walkley,w3s1WkZlAT4,https://youtube.com/watch?v=w3s1WkZlAT4,G2 Road Test Ontario-How To PASS (Tips &amp; Secrets)Easy Method works 100%#g2test ##lesson,Canadian Drivers ,2023-03-20,601,441392,ambiguous,auto,0,10,,,CLASS?
walkley,Jijy2aXWIB4,https://youtube.com/watch?v=Jijy2aXWIB4,Parallel Parking Made Easy: Step-by-Step Guide for Perfecting Your Skills&quot; #lesson #parallelparking,Canadian Drivers ,2023-04-11,209,213850,G,none,0,10,,,
walkley,MWVS_L62xdE,https://youtube.com/watch?v=MWVS_L62xdE,G2 Driving Test Complete Guide | How to Pass on Your First Attempt,Toronto Drivers,2026-05-26,734,19042,ambiguous,auto,0,9,,,CLASS?
walkley,RCMVVm-nnpA,https://youtube.com/watch?v=RCMVVm-nnpA,9 REASONS for FAILING a ROAD TEST  || COMMON MISTAKES to avoid || Drive Test Tips,Toronto Drivers,2020-12-27,847,412643,G,none,0,8,,,
walkley,7rbOVu607TQ,https://youtube.com/watch?v=7rbOVu607TQ,Student Demonstrates How to PASS the G2 Mock Driving Test (3-Point Turn &amp; Uphill Parking) #G2Test,Canadian Drivers ,2022-10-13,1210,90051,G,none,0,6,,,
walkley,wg_1QgjzMtI,https://youtube.com/watch?v=wg_1QgjzMtI,A driving test failed just before finishing!#drivingfails #drivingtest #mocktest #testroute #driving,Learn Driving,2023-05-26,23,7318132,G,none,0,4,,,SHORT
walkley,csv1VBcBkHg,https://youtube.com/watch?v=csv1VBcBkHg,How to Do Downhill Parking In G2 Test! #drivingexam #drivinglessons #drivingacademy #newdriver,Ex Driving Examiner’s Driving school,2025-06-21,35,195182,G2,auto,0,3,,,SHORT
walkley,F1HRcnzWpJQ,https://youtube.com/watch?v=F1HRcnzWpJQ,Common Mistakes To Avoid in G2 Road Test,Trubicars,2023-05-07,174,74972,ambiguous,auto,0,3,,,SHORT CLASS?
walkley,v9wgTOg9p00,https://youtube.com/watch?v=v9wgTOg9p00,"G2 Road Test VLOG |  Ottawa, ON Canada 🇨🇦 | G2 Driver’s License ",Tommy Girl,2026-03-01,402,254,G2,auto,0,3,,,
walkley,EbmXb_FvhoM,https://youtube.com/watch?v=EbmXb_FvhoM,Uphill Park With Curb Correctly for Driver&#39;s Test,Smart Drive Test,2021-12-29,39,330257,unknown,manual,0,2,,,SHORT CLASS?
walkley,PEVF2cwDxNg,https://youtube.com/watch?v=PEVF2cwDxNg,How To PASS Your Driving Test | Mock Test And Test Result#pass #g2test#drivingtest,Canadian Drivers ,2024-12-17,1535,380503,G,none,0,2,,,
walkley,4SdQZ2N0LuQ,https://youtube.com/watch?v=4SdQZ2N0LuQ,How To PASS Your Driving Test | Mock Test And Test Result#pass #g2test#drivingtest,Canadian Drivers ,2024-11-05,1620,253822,G,none,0,2,,,
walkley,9RregX6xFxc,https://youtube.com/watch?v=9RregX6xFxc,How To PASS Your Driving Test | Mock Test And Test Result#pass #g2test#drivingtest,Canadian Drivers ,2023-05-05,1023,554542,G,none,0,2,,,
walkley,5jnlIv7wNhc,https://youtube.com/watch?v=5jnlIv7wNhc,G2 &amp; G ROAD TEST – Ontario – Left Turn Mistakes That FAIL Drivers Instantly,PASS THE ROAD TEST,2025-06-02,111,124143,G,auto,0,1,,,SHORT
walkley,X9ljVj9VY2k,https://youtube.com/watch?v=X9ljVj9VY2k,best left turn for your road test G2 or full G,IQ Driving School,2024-06-29,32,107511,G,auto,0,1,,,SHORT
walkley,TjCL-EDLZII,https://youtube.com/watch?v=TjCL-EDLZII,Ottawa Driving Test Route #1 (2025) – Don’t Miss These Hidden Tips at Canotek!,Canada Rockets,2025-10-17,1294,2839,G,none,0,1,,,
walkley,qHuKUQ2bnXE,https://youtube.com/watch?v=qHuKUQ2bnXE,G TEST ONTARIO – Highway Merging Tips That Can Make or Break Your Test,PASS THE ROAD TEST,2025-05-27,137,156752,G,auto,0,1,,,SHORT
walkley,81tC7seXH-I,https://youtube.com/watch?v=81tC7seXH-I,UPHILL PARKING for Road Test,Toronto Drivers,2025-07-03,20,432450,unknown,auto,0,1,,,SHORT CLASS?
walkley,0bJ-4aWScYY,https://youtube.com/watch?v=0bJ-4aWScYY,What&#39;s on the G test?,TL2DToday,2022-11-10,50,103869,G,auto,0,1,,,SHORT
walkley,Rmiy3tf5tsE,https://youtube.com/watch?v=Rmiy3tf5tsE,Smiths Falls - G2 Road Test - Route 1 - Passed,Ahmad Babar Vlogs,2025-09-23,845,6952,G2,none,0,1,,,
walkley,xBfmTf9-83o,https://youtube.com/watch?v=xBfmTf9-83o,Road test tips left turn safe right of way #drivetest #drivingschool #driving #drive #drivingfails,pb2ca Group,2024-06-14,24,487309,unknown,none,0,1,,,SHORT CLASS?
walkley,xy7w7D5NBac,https://youtube.com/watch?v=xy7w7D5NBac,Driving test FAILED| Merging on the highway !#shorts,Canadian Drivers ,2022-10-16,36,919846,G,none,0,0,,,SHORT
walkley,c55ZchvsdCE,https://youtube.com/watch?v=c55ZchvsdCE,Master the 3-Point Turn (G2 &amp; G Road Test Tip!),Toronto Drivers,2025-07-23,118,292314,G,auto,0,0,,,SHORT
walkley,hGttTT76avc,https://youtube.com/watch?v=hGttTT76avc,How to Nail Perfect Right Turns (G2 &amp; G Test Tip!),Toronto Drivers,2025-07-21,25,219378,G,none,0,0,,,SHORT
walkley,afiC7_zMcwE,https://youtube.com/watch?v=afiC7_zMcwE,HOW TO FAIL YOUR DRIVING G2 TEST#dashcam#safety#carcrashes#short,Canadian Drivers ,2024-11-25,28,29616,G2,none,0,0,,,SHORT
walkley,pA6aQVyBcf4,https://youtube.com/watch?v=pA6aQVyBcf4,Test G2 en Ontario 100% en français – Regardez avant votre examen !,East Star Driving School,2025-09-13,1014,5019,G2,none,0,0,,,
walkley,ulyVih5VfsY,https://youtube.com/watch?v=ulyVih5VfsY,Driving Test Fail: Road Clearance Matters! Staying Clear on the Road #drivingfails #drivingtest,Learn Driving,2023-06-03,11,597092,G,auto,0,0,,,SHORT
walkley,rDDE_-6Lk1I,https://youtube.com/watch?v=rDDE_-6Lk1I,Drive test Line,401_da_sarpanch,2021-10-07,6,1460,unknown,none,0,0,,,SHORT CLASS?
walkley,10eaZnzidRw,https://youtube.com/watch?v=10eaZnzidRw,7 Tips For Passing Your G License Test In Ontario,Helpful DIY,2018-10-22,377,562790,G,none,0,0,,,
walkley,ovKZCRAXT0I,https://youtube.com/watch?v=ovKZCRAXT0I,G Test Tips,TL2DToday,2022-11-10,44,14987,G,none,0,0,,,SHORT
walkley,q1fyVD3s0-g,https://youtube.com/watch?v=q1fyVD3s0-g,Guy Failed driving test on Harley Bike #viral #trending #falls #funny,Finance Freedom Lifestyle FFL 24-7,2023-09-23,32,194628,G,none,0,0,,,SHORT
walkley,tAR5yhcJ7Zk,https://youtube.com/watch?v=tAR5yhcJ7Zk,G2 Road Test Ontario - How to Pass Driving Test - What to expect,AIAC Driving School Inc.,2025-10-25,14,21706,ambiguous,auto,0,0,,,SHORT CLASS?
walkley,89H6Yi396KY,https://youtube.com/watch?v=89H6Yi396KY,Mirror check &amp; shoulder check #class5 #roadtest #icbc,Top 457 | Vancouver Driving Instructor,2024-02-25,26,300394,unknown,none,0,0,,,SHORT CLASS?
walkley,4lEH0bpx2OI,https://youtube.com/watch?v=4lEH0bpx2OI,Spot The Fail! 🚗💨 #learntodrive #drivingtest #drivingfails,Driving School TV,2023-04-07,12,1893993,unknown,none,0,0,,,SHORT CLASS?
walkley,tlr4iOzm6ig,https://youtube.com/watch?v=tlr4iOzm6ig,FAILED DURING THE EMERGENCY STOP #driving #test #fail #safety #blindspot #safety,Clearview Driving,2023-06-06,15,23799157,unknown,none,0,0,,,SHORT CLASS?
